{"cameraMode":{"drawMode":0,"name":"Shaded","section":"Shading Mode"},"sceneLighting":true,"audioPlay":false,"sceneViewState":{"m_AlwaysRefresh":false,"showFog":true,"showSkybox":true,"showFlares":true,"showImageEffects":true,"showParticleSystems":true,"showVisualEffectGraphs":true,"m_FxEnabled":true},"in2DMode":false,"pivot":{"x":2.7496325969696047,"y":0.000544130802154541,"z":2.7226850986480715},"rotation":{"x":0.7144407033920288,"y":0.008395520970225335,"z":-0.008573688566684723,"w":0.6995924115180969},"size":3.3413662910461427,"orthographic":false}